country_name,country,year_birth,exp_n_antigens,target_population
Afghanistan,AFG,2000,0.269999696,889021
Afghanistan,AFG,2001,0.369999595,913270
Afghanistan,AFG,2002,0.362999622,942292
Afghanistan,AFG,2003,0.444899578,971873
Afghanistan,AFG,2004,0.57359951,996747
Afghanistan,AFG,2005,0.519999507,1013816
Afghanistan,AFG,2006,0.6380995,1035500
Afghanistan,AFG,2007,1.287998898,1050521
Afghanistan,AFG,2008,1.348898887,1060065
Afghanistan,AFG,2009,1.983998311,1065815
Afghanistan,AFG,2010,2.065398258,1068957
Afghanistan,AFG,2011,2.125998203,1058807
Afghanistan,AFG,2012,2.089898223,1046214
Afghanistan,AFG,2013,2.017698267,1034288
Afghanistan,AFG,2014,2.411197908,1027588
Afghanistan,AFG,2015,2.830597678,1029526
Afghanistan,AFG,2016,3.131846287,1048900
Afghanistan,AFG,2017,2.937989078,1076661
Afghanistan,AFG,2018,3.811239974,1107476
Albania,ALB,2000,1.995696631,50843
Albania,ALB,2001,2.945676909,48562
Albania,ALB,2002,2.957976453,46119
Albania,ALB,2003,2.927275375,43634
Albania,ALB,2004,2.957373728,41296
Albania,ALB,2005,2.957772585,39254
Albania,ALB,2006,2.948772122,37610
Albania,ALB,2007,2.958770753,36198
Albania,ALB,2008,2.958769883,35157
Albania,ALB,2009,3.938741145,34648
Albania,ALB,2010,3.938941581,34750
Albania,ALB,2011,4.918514072,35259
Albania,ALB,2012,4.918516698,36382
Albania,ALB,2013,4.918920086,37698
Albania,ALB,2014,4.918922055,38634
Albania,ALB,2015,4.918922411,38789
Albania,ALB,2016,4.918920172,37733
Albania,ALB,2017,4.918916131,35889
Albania,ALB,2018,4.918910733,33691
Angola,AGO,2000,0.859998773,700752
Angola,AGO,2001,1.109998465,723146
Angola,AGO,2002,1.119998507,750189
Angola,AGO,2003,1.039998668,780503
Angola,AGO,2004,1.119998621,812232
Angola,AGO,2005,0.759999099,843914
Angola,AGO,2006,0.759999129,872859
Angola,AGO,2007,2.889996796,902096
Angola,AGO,2008,2.709139441,930855
Angola,AGO,2009,2.522117443,958397
Angola,AGO,2010,2.997634108,984285
Angola,AGO,2011,3.063179582,1005676
Angola,AGO,2012,3.19875338,1025826
Angola,AGO,2013,3.222755844,1045570
Angola,AGO,2014,3.743986057,1066267
Angola,AGO,2015,3.985644817,1089027
Angola,AGO,2016,4.624917239,1114724
Angola,AGO,2017,5.390774749,1142525
Angola,AGO,2018,5.763107966,1172046
Armenia,ARM,2000,1.978481777,33825
Armenia,ARM,2001,1.9805861,34472
Armenia,ARM,2002,2.896466578,36335
Armenia,ARM,2003,2.910871776,38873
Armenia,ARM,2004,2.902569256,41339
Armenia,ARM,2005,2.908074031,43183
Armenia,ARM,2006,2.894369191,44148
Armenia,ARM,2007,2.899970739,44422
Armenia,ARM,2008,3.283939747,44184
Armenia,ARM,2009,3.385562599,43750
Armenia,ARM,2010,3.868731089,43354
Armenia,ARM,2011,4.324768206,42574
Armenia,ARM,2012,4.324767425,41807
Armenia,ARM,2013,4.656696963,41007
Armenia,ARM,2014,5.231170648,40124
Armenia,ARM,2015,5.75800489,39140
Armenia,ARM,2016,6.263391282,38082
Armenia,ARM,2017,6.273113745,36960
Armenia,ARM,2018,6.27311014,35842
Azerbaijan,AZE,2000,0.891096437,123105
Azerbaijan,AZE,2001,0.891196471,122479
Azerbaijan,AZE,2002,1.797792447,124787
Azerbaijan,AZE,2003,2.477787513,129081
Azerbaijan,AZE,2004,2.474387929,133937
Azerbaijan,AZE,2005,2.495688433,138298
Azerbaijan,AZE,2006,2.557688755,141166
Azerbaijan,AZE,2007,2.661889465,143213
Azerbaijan,AZE,2008,3.112070482,145313
Azerbaijan,AZE,2009,3.28689151,148753
Azerbaijan,AZE,2010,3.341317641,154293
Azerbaijan,AZE,2011,3.718141571,162872
Azerbaijan,AZE,2012,4.24933967,173436
Azerbaijan,AZE,2013,4.261740676,183537
Azerbaijan,AZE,2014,4.901737752,189942
Azerbaijan,AZE,2015,5.196134635,190513
Azerbaijan,AZE,2016,5.197633996,183811
Azerbaijan,AZE,2017,4.418699182,171548
Azerbaijan,AZE,2018,4.455024939,156466
Bangladesh,BGD,2000,0.739999785,3441132
Bangladesh,BGD,2001,0.769999776,3443446
Bangladesh,BGD,2002,0.749999782,3438921
Bangladesh,BGD,2003,0.809999763,3424304
Bangladesh,BGD,2004,0.919999729,3396137
Bangladesh,BGD,2005,1.329999603,3353107
Bangladesh,BGD,2006,1.689999488,3300613
Bangladesh,BGD,2007,1.789999447,3234246
Bangladesh,BGD,2008,1.819999425,3164255
Bangladesh,BGD,2009,2.729999121,3104395
Bangladesh,BGD,2010,2.721999212,3064201
Bangladesh,BGD,2011,2.748999311,3045576
Bangladesh,BGD,2012,3.399598969,3046537
Bangladesh,BGD,2013,3.714438866,3059002
Bangladesh,BGD,2014,4.03837738,3070903
Bangladesh,BGD,2015,4.688037681,3073127
Bangladesh,BGD,2016,5.173237499,3061249
Bangladesh,BGD,2017,5.076589272,3040397
Bangladesh,BGD,2018,5.938978421,3012672
Belize,BLZ,2000,2.659646088,7515
Belize,BLZ,2001,3.779500529,7567
Belize,BLZ,2002,3.599523305,7551
Belize,BLZ,2003,3.843097458,7491
Belize,BLZ,2004,3.845599457,7416
Belize,BLZ,2005,3.844092012,7347
Belize,BLZ,2006,3.844589785,7283
Belize,BLZ,2007,3.845588736,7220
Belize,BLZ,2008,3.825087993,7180
Belize,BLZ,2009,3.847591836,7188
Belize,BLZ,2010,3.846091906,7258
Belize,BLZ,2011,3.845600189,7429
Belize,BLZ,2012,3.845612011,7658
Belize,BLZ,2013,3.847127839,7914
Belize,BLZ,2014,3.847639742,8151
Belize,BLZ,2015,3.827650116,8335
Belize,BLZ,2016,3.847652261,8447
Belize,BLZ,2017,3.84765468,8505
Belize,BLZ,2018,3.847655469,8523
Benin,BEN,2000,0.699997334,262535
Benin,BEN,2001,0.679997465,268291
Benin,BEN,2002,1.079996065,274441
Benin,BEN,2003,2.029992775,280978
Benin,BEN,2004,2.029992948,287881
Benin,BEN,2005,2.269992308,295110
Benin,BEN,2006,2.80999072,302804
Benin,BEN,2007,3.03999022,310851
Benin,BEN,2008,2.819991161,319047
Benin,BEN,2009,3.009990799,327128
Benin,BEN,2010,2.8799914,334894
Benin,BEN,2011,3.249990491,341783
Benin,BEN,2012,3.699989381,348443
Benin,BEN,2013,3.913717291,354937
Benin,BEN,2014,3.657081978,361394
Benin,BEN,2015,4.118768929,367927
Benin,BEN,2016,4.187352356,374064
Benin,BEN,2017,3.166299871,380334
Benin,BEN,2018,4.226883153,386794
Bhutan,BTN,2000,1.759312052,15508
Bhutan,BTN,2001,1.669890957,15314
Bhutan,BTN,2002,1.609893023,15049
Bhutan,BTN,2003,1.829876075,14766
Bhutan,BTN,2004,1.759879021,14547
Bhutan,BTN,2005,1.879869905,14450
Bhutan,BTN,2006,2.82185069,14557
Bhutan,BTN,2007,2.889355153,14769
Bhutan,BTN,2008,3.406293727,15004
Bhutan,BTN,2009,3.351210823,15152
Bhutan,BTN,2010,3.342211138,15138
Bhutan,BTN,2011,3.396222555,14934
Bhutan,BTN,2012,4.390172347,14568
Bhutan,BTN,2013,4.380369393,14134
Bhutan,BTN,2014,4.422940622,13767
Bhutan,BTN,2015,4.452481037,13563
Bhutan,BTN,2016,4.453307651,13620
Bhutan,BTN,2017,4.453515791,13832
Bhutan,BTN,2018,5.245668112,14112
Bolivia,BOL,2000,3.219986699,242079
Bolivia,BOL,2003,3.484985156,241386
Bolivia,BOL,2001,3.299986379,242266
Bolivia,BOL,2002,3.359986114,241965
Bolivia,BOL,2012,5.141734371,240404
Bolivia,BOL,2007,3.399985885,240870
Bolivia,BOL,2008,4.424744231,241366
Bolivia,BOL,2018,6.222725956,246611
Bolivia,BOL,2009,4.962238213,241765
Bolivia,BOL,2011,5.180234325,241264
Bolivia,BOL,2010,4.933737477,241879
Bolivia,BOL,2015,6.206226562,239967
Bolivia,BOL,2004,3.479985551,240847
Bolivia,BOL,2017,6.222725672,243918
Bolivia,BOL,2013,5.183233282,239626
Bolivia,BOL,2016,6.217725841,241540
Bolivia,BOL,2006,3.419985783,240549
Bolivia,BOL,2005,3.479985535,240588
Bolivia,BOL,2014,5.80472901,239382
Bosnia and Herzegovina,BIH,2000,1.779977496,47332
Bosnia and Herzegovina,BIH,2001,1.887974774,44108
Bosnia and Herzegovina,BIH,2002,1.876772118,39346
Bosnia and Herzegovina,BIH,2003,1.823968931,34100
Bosnia and Herzegovina,BIH,2004,2.717935946,29922
Bosnia and Herzegovina,BIH,2005,3.289911303,27895
Bosnia and Herzegovina,BIH,2006,3.554903526,28694
Bosnia and Herzegovina,BIH,2007,3.623911867,31599
Bosnia and Herzegovina,BIH,2008,3.533921494,35485
Bosnia and Herzegovina,BIH,2009,3.591528269,38727
Bosnia and Herzegovina,BIH,2010,3.610930405,40186
Bosnia and Herzegovina,BIH,2011,3.608928552,39568
Bosnia and Herzegovina,BIH,2012,3.663924147,37240
Bosnia and Herzegovina,BIH,2013,3.620317317,34021
Bosnia and Herzegovina,BIH,2014,3.5457084,31118
Bosnia and Herzegovina,BIH,2015,3.394206982,29399
Bosnia and Herzegovina,BIH,2016,3.265910529,28925
Bosnia and Herzegovina,BIH,2017,3.299511723,29553
Bosnia and Herzegovina,BIH,2018,3.332914752,30868
Burkina Faso,BFA,2000,0.879998164,479329
Burkina Faso,BFA,2001,0.989997983,490833
Burkina Faso,BFA,2002,1.089997833,502893
Burkina Faso,BFA,2003,1.359997362,515574
Burkina Faso,BFA,2004,1.489997183,528990
Burkina Faso,BFA,2005,1.679996907,543150
Burkina Faso,BFA,2006,3.279994106,556521
Burkina Faso,BFA,2007,3.609993676,570839
Burkina Faso,BFA,2008,3.649993765,585447
Burkina Faso,BFA,2009,3.669993879,599534
Burkina Faso,BFA,2010,3.539994221,612548
Burkina Faso,BFA,2011,3.509994364,622825
Burkina Faso,BFA,2012,3.5620946,632319
Burkina Faso,BFA,2013,3.961937664,641543
Burkina Faso,BFA,2014,5.487374542,651328
Burkina Faso,BFA,2015,6.670843542,662321
Burkina Faso,BFA,2016,6.366178918,674474
Burkina Faso,BFA,2017,7.677180367,687860
Burkina Faso,BFA,2018,7.685966084,702089
Burundi,BDI,2000,0.719997009,240741
Burundi,BDI,2001,0.729997007,243900
Burundi,BDI,2002,0.749996997,249735
Burundi,BDI,2003,0.759997056,258136
Burundi,BDI,2004,2.439990925,268855
Burundi,BDI,2005,2.60999073,281559
Burundi,BDI,2006,2.719990801,295678
Burundi,BDI,2007,2.6799914,311617
Burundi,BDI,2008,2.639991952,328043
Burundi,BDI,2009,2.709992105,343273
Burundi,BDI,2010,2.719992362,356128
Burundi,BDI,2011,2.905693355,366170
Burundi,BDI,2012,3.671991667,373874
Burundi,BDI,2013,3.682491938,380279
Burundi,BDI,2014,4.974712961,386968
Burundi,BDI,2015,5.313158706,395107
Burundi,BDI,2016,5.536671202,404391
Burundi,BDI,2017,5.000326548,415082
Burundi,BDI,2018,5.027338377,426301
Cape Verde,CPV,2017,3.904709868,11045
Cape Verde,CPV,2013,3.821711197,10985
Cape Verde,CPV,2014,3.744722327,10918
Cape Verde,CPV,2002,1.751882828,12323
Cape Verde,CPV,2018,3.905212605,11161
Cape Verde,CPV,2016,3.904207425,10949
Cape Verde,CPV,2015,3.90300411,10907
Cape Verde,CPV,2012,3.858498248,11094
Cape Verde,CPV,2009,1.993880878,11460
Cape Verde,CPV,2001,0.879929164,12422
Cape Verde,CPV,2000,0.859931051,12472
Cape Verde,CPV,2011,3.840310019,11222
Cape Verde,CPV,2010,1.995384011,11358
Cape Verde,CPV,2008,1.942299277,11564
Cape Verde,CPV,2005,1.897493685,11900
Cape Verde,CPV,2003,1.818291991,12191
Cape Verde,CPV,2006,1.923891552,11784
Cape Verde,CPV,2007,1.943502573,11672
Cape Verde,CPV,2004,1.887399962,12045
Cambodia,KHM,2000,0.64999777,291425
Cambodia,KHM,2001,0.589997976,291495
Cambodia,KHM,2002,0.519998247,296589
Cambodia,KHM,2003,0.649997872,305485
Cambodia,KHM,2004,0.799997469,316078
Cambodia,KHM,2005,0.789997581,326595
Cambodia,KHM,2006,1.579995317,337393
Cambodia,KHM,2007,1.649595782,348334
Cambodia,KHM,2008,1.832995964,358270
Cambodia,KHM,2009,1.871996162,365817
Cambodia,KHM,2010,2.714494946,370041
Cambodia,KHM,2011,2.721295261,368774
Cambodia,KHM,2012,2.720695264,364353
Cambodia,KHM,2013,3.862690354,358133
Cambodia,KHM,2014,3.602527416,352295
Cambodia,KHM,2015,5.228975258,348541
Cambodia,KHM,2016,5.832991661,348159
Cambodia,KHM,2017,5.992717555,349944
Cambodia,KHM,2018,5.993772158,352721
Cameroon,CMR,2000,0.489999127,561083
Cameroon,CMR,2001,0.509999116,576866
Cameroon,CMR,2002,0.52999911,595411
Cameroon,CMR,2003,0.609999009,615594
Cameroon,CMR,2004,1.229998066,635861
Cameroon,CMR,2005,2.149996718,655009
Cameroon,CMR,2006,2.259996631,670776
Cameroon,CMR,2007,2.299996645,685620
Cameroon,CMR,2008,2.409996555,699606
Cameroon,CMR,2009,3.059995708,713031
Cameroon,CMR,2010,3.57990501,726186
Cameroon,CMR,2011,3.551476717,738145
Cameroon,CMR,2012,4.159994453,750010
Cameroon,CMR,2013,4.349247352,761665
Cameroon,CMR,2014,4.836620931,773022
Cameroon,CMR,2015,5.908361474,784047
Cameroon,CMR,2016,6.000333202,793896
Cameroon,CMR,2017,6.015250897,803599
Cameroon,CMR,2018,6.052837202,813439
Central African Republic,CAF,2000,0.719994631,134101
Central African Republic,CAF,2001,0.699994883,136788
Central African Republic,CAF,2002,0.839993962,139128
Central African Republic,CAF,2003,0.969993129,141170
Central African Republic,CAF,2004,1.099992308,143011
Central African Republic,CAF,2005,1.239991432,144719
Central African Republic,CAF,2006,1.229991607,146549
Central African Republic,CAF,2007,1.209991842,148314
Central African Republic,CAF,2008,1.19999199,149820
Central African Republic,CAF,2009,2.019986607,150826
Central African Republic,CAF,2010,1.979986905,151198
Central African Republic,CAF,2011,1.989986913,152053
Central African Republic,CAF,2012,2.379984389,152456
Central African Republic,CAF,2013,1.179992269,152625
Central African Republic,CAF,2014,2.379984429,152850
Central African Republic,CAF,2015,2.379984481,153357
Central African Republic,CAF,2016,2.648214711,151833
Central African Republic,CAF,2017,3.949898598,150724
Central African Republic,CAF,2018,3.994300662,150354
Chad,TCD,2000,0.559998496,372302
Chad,TCD,2001,0.51999865,385186
Chad,TCD,2002,0.479998797,399091
Chad,TCD,2003,0.42999896,413333
Chad,TCD,2014,1.60999705,545791
Chad,TCD,2015,1.95999649,558385
Chad,TCD,2016,1.939996598,570278
Chad,TCD,2017,3.547835438,581858
Chad,TCD,2018,3.612111027,593240
Chad,TCD,2004,0.399999063,427068
Chad,TCD,2005,0.599998636,439748
Chad,TCD,2006,0.78999825,451486
Chad,TCD,2007,0.699998486,462296
Chad,TCD,2008,0.939998012,472742
Chad,TCD,2009,1.159997601,483590
Chad,TCD,2010,1.649996669,495334
Chad,TCD,2011,1.649996746,506999
Chad,TCD,2012,1.939996266,519611
Chad,TCD,2013,1.78999664,532733
China,CHN,2000,1.439999917,17275634
China,CHN,2001,1.499999915,17748970
China,CHN,2002,1.549999913,17794148
China,CHN,2003,1.725999941,17539361
China,CHN,2004,1.941199969,17205831
China,CHN,2005,1.966399973,16962726
China,CHN,2006,1.985699982,16811360
China,CHN,2007,1.987599983,16695383
China,CHN,2008,1.99519999,16624615
China,CHN,2009,1.999199994,16608899
China,CHN,2010,3.569099899,16651350
China,CHN,2011,3.849399885,16794155
China,CHN,2012,3.929499882,17009277
China,CHN,2013,3.959499882,17222134
China,CHN,2014,3.959299882,17331918
China,CHN,2015,3.989499881,17269717
China,CHN,2016,3.959499881,17011111
China,CHN,2017,3.969499877,16583811
China,CHN,2018,3.979499872,16059336
Comoros,COM,2000,0.699962806,18819
Comoros,COM,2001,0.699963454,19153
Comoros,COM,2002,0.709963541,19473
Comoros,COM,2003,0.949952008,19794
Comoros,COM,2004,1.52992402,20136
Comoros,COM,2005,1.349934188,20512
Comoros,COM,2006,1.349935413,20901
Comoros,COM,2007,1.399934343,21322
Comoros,COM,2008,1.569927872,21766
Comoros,COM,2009,1.999909999,22221
Comoros,COM,2010,2.199902985,22676
Comoros,COM,2011,2.449893985,23109
Comoros,COM,2012,2.629888304,23545
Comoros,COM,2013,2.609891064,23958
Comoros,COM,2014,2.971691441,24317
Comoros,COM,2015,2.731978464,24602
Comoros,COM,2016,3.016416894,24780
Comoros,COM,2017,2.860873806,24889
Comoros,COM,2018,2.908462008,24964
Republic of Congo,COG,2011,2.989981508,161690
Republic of Congo,COG,2010,2.97998116,158170
Republic of Congo,COG,2017,5.134730517,169669
Republic of Congo,COG,2012,3.176404276,164239
Republic of Congo,COG,2008,2.089985981,149084
Republic of Congo,COG,2007,1.859987033,143443
Republic of Congo,COG,2009,2.759982098,154169
Republic of Congo,COG,2016,5.757006409,169130
Republic of Congo,COG,2006,1.269990796,137987
Republic of Congo,COG,2013,4.45800275,166010
Republic of Congo,COG,2018,5.484245286,170440
Republic of Congo,COG,2005,1.079991896,133261
Republic of Congo,COG,2000,0.339997073,116163
Republic of Congo,COG,2004,1.129991235,128919
Republic of Congo,COG,2014,5.157998837,167328
Republic of Congo,COG,2015,5.107999377,168483
Republic of Congo,COG,2003,0.499996012,125373
Republic of Congo,COG,2002,0.369996976,122341
Republic of Congo,COG,2001,0.349997068,119378
Democratic Republic of the Congo,COD,2003,0.539999743,2101984
Democratic Republic of the Congo,COD,2000,0.459999759,1905236
Democratic Republic of the Congo,COD,2012,3.160673221,2809700
Democratic Republic of the Congo,COD,2002,0.419999793,2025335
Democratic Republic of the Congo,COD,2001,0.349999821,1958650
Democratic Republic of the Congo,COD,2011,2.819998968,2732340
Democratic Republic of the Congo,COD,2005,1.029999546,2266568
Democratic Republic of the Congo,COD,2007,1.989999177,2417984
Democratic Republic of the Congo,COD,2017,4.2151359,3153809
Democratic Republic of the Congo,COD,2004,0.819999624,2183673
Democratic Republic of the Congo,COD,2006,1.129999517,2341218
Democratic Republic of the Congo,COD,2018,4.519920176,3212380
Democratic Republic of the Congo,COD,2016,3.949250293,3094432
Democratic Republic of the Congo,COD,2013,3.270662957,2886643
Democratic Republic of the Congo,COD,2009,2.85999889,2575779
Democratic Republic of the Congo,COD,2010,2.619999014,2656267
Democratic Republic of the Congo,COD,2014,3.751961547,2961296
Democratic Republic of the Congo,COD,2015,3.95570916,3032463
Democratic Republic of the Congo,COD,2008,1.859999255,2496262
Ivory Coast,CIV,2002,1.859997073,635531
Ivory Coast,CIV,2005,2.429996257,649284
Ivory Coast,CIV,2003,1.9799969,638762
Ivory Coast,CIV,2016,4.257563624,821503
Ivory Coast,CIV,2018,6.342431272,850509
Ivory Coast,CIV,2008,1.869997252,680459
Ivory Coast,CIV,2017,4.78617037,836366
Ivory Coast,CIV,2010,3.089995667,713180
Ivory Coast,CIV,2014,2.900103178,787262
Ivory Coast,CIV,2000,1.279997942,621898
Ivory Coast,CIV,2007,2.109996838,667394
Ivory Coast,CIV,2001,1.479997653,630512
Ivory Coast,CIV,2011,2.484664864,729744
Ivory Coast,CIV,2009,2.529996364,695855
Ivory Coast,CIV,2004,2.179996608,642713
Ivory Coast,CIV,2006,2.169996697,656985
Ivory Coast,CIV,2015,3.843833062,805575
Ivory Coast,CIV,2013,3.247323509,767864
Ivory Coast,CIV,2012,3.170682993,748282
Cuba,CUB,2000,3.859779241,155329
Cuba,CUB,2001,3.899778613,152338
Cuba,CUB,2002,3.909773406,145745
Cuba,CUB,2003,3.92832686,137116
Cuba,CUB,2004,3.941279176,128833
Cuba,CUB,2005,3.90048053,122692
Cuba,CUB,2006,3.92488173,119225
Cuba,CUB,2007,3.93077946,117656
Cuba,CUB,2008,4.089080623,117738
Cuba,CUB,2009,4.413849494,118954
Cuba,CUB,2010,4.41384988,120832
Cuba,CUB,2011,4.413850389,123421
Cuba,CUB,2012,4.413850967,126801
Cuba,CUB,2013,4.413851481,130083
Cuba,CUB,2014,4.423951742,132107
Cuba,CUB,2015,4.463106955,132100
Cuba,CUB,2016,4.463106625,129635
Cuba,CUB,2017,4.463106184,125079
Cuba,CUB,2018,5.255098995,119537
Djibouti,DJI,2000,0.499977226,21954
Djibouti,DJI,2001,0.489977923,22194
Djibouti,DJI,2002,0.619971919,22078
Djibouti,DJI,2003,0.659969603,21712
Djibouti,DJI,2004,0.599971786,21265
Djibouti,DJI,2005,0.649968856,20870
Djibouti,DJI,2006,0.669967288,20481
Djibouti,DJI,2007,1.239938391,20126
Djibouti,DJI,2008,2.49987403,19845
Djibouti,DJI,2009,2.619866951,19691
Djibouti,DJI,2010,2.732896574,19692
Djibouti,DJI,2011,2.711098173,19855
Djibouti,DJI,2012,2.754632092,20182
Djibouti,DJI,2013,3.578692073,20583
Djibouti,DJI,2014,3.694588919,20933
Djibouti,DJI,2015,4.293813008,21139
Djibouti,DJI,2016,4.413711572,21149
Djibouti,DJI,2017,3.791881992,21017
Djibouti,DJI,2018,3.838599319,20802
Egypt,EGY,2000,2.897998842,1715433
Egypt,EGY,2001,2.897998874,1765438
Egypt,EGY,2002,2.897998907,1817881
Egypt,EGY,2003,2.897998935,1867421
Egypt,EGY,2004,2.897998958,1907630
Egypt,EGY,2005,2.897998973,1935200
Egypt,EGY,2006,2.897998976,1940510
Egypt,EGY,2007,2.897998971,1929422
Egypt,EGY,2008,2.86679897,1923103
Egypt,EGY,2009,2.897998983,1950642
Egypt,EGY,2010,2.895999004,2030274
Egypt,EGY,2011,2.897999091,2182908
Egypt,EGY,2012,2.855099166,2385940
Egypt,EGY,2013,2.89599922,2595220
Egypt,EGY,2014,3.807198939,2751455
Egypt,EGY,2015,3.776798971,2814108
Egypt,EGY,2016,3.847998931,2750490
Egypt,EGY,2017,3.84799887,2599062
Egypt,EGY,2018,3.847998779,2402558
El Salvador,SLV,2000,2.779980622,143461
El Salvador,SLV,2001,2.638486173,137895
El Salvador,SLV,2002,3.505979064,131870
El Salvador,SLV,2003,3.744976399,126135
El Salvador,SLV,2004,3.692276464,121643
El Salvador,SLV,2005,3.672976009,119033
El Salvador,SLV,2006,3.999472652,118760
El Salvador,SLV,2007,4.530968829,120364
El Salvador,SLV,2008,4.578968775,122955
El Salvador,SLV,2009,4.322871346,125238
El Salvador,SLV,2010,5.261964865,126264
El Salvador,SLV,2011,5.453462423,125182
El Salvador,SLV,2012,5.559461159,122871
El Salvador,SLV,2013,5.552760581,119926
El Salvador,SLV,2014,5.543459766,117257
El Salvador,SLV,2015,5.611464572,115538
El Salvador,SLV,2016,5.635664487,114918
El Salvador,SLV,2017,5.63836478,115189
El Salvador,SLV,2018,5.640065132,115895
Eritrea,ERI,2000,0.75999308,109830
Eritrea,ERI,2001,0.83999271,115226
Eritrea,ERI,2002,1.689986131,121852
Eritrea,ERI,2003,1.819985878,128873
Eritrea,ERI,2004,1.789986759,135182
Eritrea,ERI,2005,1.849986782,139963
Eritrea,ERI,2006,1.849987176,144262
Eritrea,ERI,2007,1.849987419,147044
Eritrea,ERI,2008,2.749981485,148528
Eritrea,ERI,2009,2.749981564,149164
Eritrea,ERI,2010,2.749981588,149362
Eritrea,ERI,2011,2.749981541,148979
Eritrea,ERI,2012,2.749981446,148216
Eritrea,ERI,2013,2.784985899,147463
Eritrea,ERI,2014,3.034984588,147223
Eritrea,ERI,2015,4.698622173,147842
Eritrea,ERI,2016,4.660887052,149034
Eritrea,ERI,2017,3.643555883,151130
Eritrea,ERI,2018,4.05225139,153761
Ethiopia,ETH,2000,0.359999868,2721446
Ethiopia,ETH,2001,0.349999873,2747235
Ethiopia,ETH,2002,0.359999869,2757314
Ethiopia,ETH,2003,0.349999873,2756478
Ethiopia,ETH,2004,0.349999873,2752627
Ethiopia,ETH,2005,0.399999855,2752776
Ethiopia,ETH,2006,0.43999984,2754784
Ethiopia,ETH,2007,1.429999482,2761472
Ethiopia,ETH,2008,1.579999431,2776201
Ethiopia,ETH,2009,1.957081784,2802483
Ethiopia,ETH,2010,2.16027968,2841863
Ethiopia,ETH,2011,2.099999275,2894556
Ethiopia,ETH,2012,2.69926402,2959981
Ethiopia,ETH,2013,3.069775201,3030325
Ethiopia,ETH,2014,4.004087127,3094669
Ethiopia,ETH,2015,3.99916473,3144992
Ethiopia,ETH,2016,3.995095942,3173041
Ethiopia,ETH,2017,3.902823333,3187580
Ethiopia,ETH,2018,3.948763719,3193749
Fiji,FJI,2000,3.579813493,19194
Fiji,FJI,2001,3.637854777,18977
Fiji,FJI,2002,3.68885161,18855
Fiji,FJI,2003,3.812478314,18832
Fiji,FJI,2004,3.86128413,18894
Fiji,FJI,2005,3.882886851,19012
Fiji,FJI,2006,3.904086525,18984
Fiji,FJI,2007,3.925286716,19021
Fiji,FJI,2008,3.925286978,19063
Fiji,FJI,2009,3.925286865,19032
Fiji,FJI,2010,3.925286019,18879
Fiji,FJI,2011,3.925283979,18555
Fiji,FJI,2012,3.925281259,18120
Fiji,FJI,2013,5.645180536,17635
Fiji,FJI,2014,5.905159797,17194
Fiji,FJI,2015,5.90515514,16868
Fiji,FJI,2016,5.905152502,16683
Fiji,FJI,2017,5.905751916,16611
Fiji,FJI,2018,5.905751911,16613
Gambia,GMB,2000,3.539931561,51724
Gambia,GMB,2001,3.499933993,53024
Gambia,GMB,2002,3.539934981,54445
Gambia,GMB,2003,3.539936724,55944
Gambia,GMB,2004,3.559938064,57478
Gambia,GMB,2005,3.619938668,59022
Gambia,GMB,2006,3.579940778,60449
Gambia,GMB,2007,3.559942487,61898
Gambia,GMB,2008,3.669942106,63391
Gambia,GMB,2009,3.709942893,64965
Gambia,GMB,2010,4.985550381,66634
Gambia,GMB,2011,4.913880756,68331
Gambia,GMB,2012,4.895112122,70122
Gambia,GMB,2013,5.036818798,71932
Gambia,GMB,2014,5.903571627,73667
Gambia,GMB,2015,5.897533354,75259
Gambia,GMB,2016,5.898446908,76564
Gambia,GMB,2017,6.118602316,77743
Gambia,GMB,2018,6.861055247,78853
Georgia,GEO,2000,1.387978742,51719
Georgia,GEO,2001,1.767281868,51245
Georgia,GEO,2002,1.839482955,51659
Georgia,GEO,2003,1.916784037,52784
Georgia,GEO,2004,2.814372798,54361
Georgia,GEO,2005,2.877276474,56144
Georgia,GEO,2006,2.945177201,58100
Georgia,GEO,2007,2.957676939,60191
Georgia,GEO,2008,2.958578885,62067
Georgia,GEO,2009,2.66667398,63308
Georgia,GEO,2010,3.594369164,63639
Georgia,GEO,2011,3.832364902,62815
Georgia,GEO,2012,3.834464251,61115
Georgia,GEO,2013,4.72404303,58848
Georgia,GEO,2014,4.996034877,56466
Georgia,GEO,2015,5.234703259,54308
Georgia,GEO,2016,5.900678643,51741
Georgia,GEO,2017,6.461683979,49439
Georgia,GEO,2018,6.461680713,47462
Ghana,GHA,2000,1.639997412,633743
Ghana,GHA,2001,1.649997427,641306
Ghana,GHA,2002,3.199995057,647442
Ghana,GHA,2003,3.169995151,653741
Ghana,GHA,2004,3.239995109,662458
Ghana,GHA,2005,3.329995068,675189
Ghana,GHA,2006,3.369995134,692537
Ghana,GHA,2007,3.649994884,713466
Ghana,GHA,2008,3.51999522,736349
Ghana,GHA,2009,3.629995216,758816
Ghana,GHA,2010,3.666395913,778919
Ghana,GHA,2011,3.658596024,796918
Ghana,GHA,2012,4.569039259,812761
Ghana,GHA,2013,6.519839155,825789
Ghana,GHA,2014,6.72360857,835444
Ghana,GHA,2015,6.617047146,841594
Ghana,GHA,2016,6.8302992,843373
Ghana,GHA,2017,5.069651389,841927
Ghana,GHA,2018,5.150253844,839126
Guatemala,GTM,2000,0.859997774,386313
Guatemala,GTM,2001,1.809995359,390043
Guatemala,GTM,2002,1.819995404,396023
Guatemala,GTM,2003,1.839995429,402526
Guatemala,GTM,2004,1.849995456,407141
Guatemala,GTM,2005,3.569991255,408215
Guatemala,GTM,2006,3.629991002,403426
Guatemala,GTM,2007,3.419991351,395429
Guatemala,GTM,2008,3.649990556,386469
Guatemala,GTM,2009,3.619990467,379726
Guatemala,GTM,2010,4.024989695,377488
Guatemala,GTM,2011,4.257189544,381047
Guatemala,GTM,2012,4.474989302,388856
Guatemala,GTM,2013,4.497989409,399020
Guatemala,GTM,2014,4.123891362,408738
Guatemala,GTM,2015,4.864990089,415891
Guatemala,GTM,2016,5.119789884,419384
Guatemala,GTM,2017,5.172489851,420447
Guatemala,GTM,2018,5.224789779,419819
Guinea,GIN,2003,0.759997806,346466
Guinea,GIN,2004,0.88999747,351741
Guinea,GIN,2005,0.899997482,357493
Guinea,GIN,2006,0.889997541,362005
Guinea,GIN,2007,1.589995673,367419
Guinea,GIN,2008,1.589995741,373368
Guinea,GIN,2009,2.189994227,379384
Guinea,GIN,2010,2.419993717,385176
Guinea,GIN,2011,2.499993579,389360
Guinea,GIN,2012,2.469993723,393496
Guinea,GIN,2013,2.509993693,397942
Guinea,GIN,2014,2.069994866,403204
Guinea,GIN,2015,2.476260516,409607
Guinea,GIN,2016,2.240038572,415494
Guinea,GIN,2017,3.291002739,422527
Guinea,GIN,2018,3.384803747,430309
Guinea,GIN,2000,0.419998742,333929
Guinea,GIN,2001,0.439998697,337573
Guinea,GIN,2002,0.629998156,341729
Guinea-Bissau,GNB,2000,0.709984367,45416
Guinea-Bissau,GNB,2001,0.719984273,45779
Guinea-Bissau,GNB,2002,0.729984254,46361
Guinea-Bissau,GNB,2003,0.73998431,47162
Guinea-Bissau,GNB,2004,0.749984429,48165
Guinea-Bissau,GNB,2005,0.759984599,49345
Guinea-Bissau,GNB,2006,0.73998534,50477
Guinea-Bissau,GNB,2007,0.729985905,51791
Guinea-Bissau,GNB,2008,1.079979703,53209
Guinea-Bissau,GNB,2009,2.979945462,54640
Guinea-Bissau,GNB,2010,3.169943404,56010
Guinea-Bissau,GNB,2011,3.349941285,57054
Guinea-Bissau,GNB,2012,3.299943154,58051
Guinea-Bissau,GNB,2013,3.299944045,58975
Guinea-Bissau,GNB,2014,3.447702948,59817
Guinea-Bissau,GNB,2015,3.440569898,60576
Guinea-Bissau,GNB,2016,4.982445171,61157
Guinea-Bissau,GNB,2017,4.915167045,61671
Guinea-Bissau,GNB,2018,4.979372531,62152
Guyana,GUY,2003,3.659014245,16240
Guyana,GUY,2004,3.668613494,16179
Guyana,GUY,2005,3.77181632,16032
Guyana,GUY,2006,3.743809644,15709
Guyana,GUY,2007,3.833402356,15319
Guyana,GUY,2008,3.95331089,14944
Guyana,GUY,2009,4.380429248,14701
Guyana,GUY,2010,4.697562717,14671
Guyana,GUY,2011,5.555443812,14791
Guyana,GUY,2012,6.17687462,15105
Guyana,GUY,2013,6.287250688,15509
Guyana,GUY,2014,6.298722992,15854
Guyana,GUY,2015,6.239372178,16032
Guyana,GUY,2016,6.260834639,15964
Guyana,GUY,2017,6.332238991,15735
Guyana,GUY,2018,6.333701004,15405
Guyana,GUY,2000,1.831933827,17267
Guyana,GUY,2001,3.596623437,16650
Guyana,GUY,2002,3.723908092,16341
Haiti,HTI,2003,0.569997709,248791
Haiti,HTI,2004,0.569997702,248041
Haiti,HTI,2005,0.579997664,248238
Haiti,HTI,2006,0.589997636,249531
Haiti,HTI,2007,0.599997617,251812
Haiti,HTI,2008,1.239995126,254429
Haiti,HTI,2009,1.259995087,256469
Haiti,HTI,2010,1.279995025,257287
Haiti,HTI,2011,1.299994927,256253
Haiti,HTI,2012,1.299994883,254060
Haiti,HTI,2013,2.659989416,251311
Haiti,HTI,2014,2.372191018,248892
Haiti,HTI,2015,2.812189188,247446
Haiti,HTI,2016,2.826889151,247399
Haiti,HTI,2017,4.161925176,248285
Haiti,HTI,2018,4.029681594,249606
Haiti,HTI,2000,0.54999782,252267
Haiti,HTI,2001,0.549997812,251398
Haiti,HTI,2002,0.559997761,250101
Honduras,HND,2000,3.789987313,203652
Honduras,HND,2001,3.82998722,204781
Honduras,HND,2002,3.779981672,206245
Honduras,HND,2003,3.63998247,207644
Honduras,HND,2004,3.599982727,208416
Honduras,HND,2005,3.739982034,208167
Honduras,HND,2006,3.699982092,206605
Honduras,HND,2007,3.986452246,204180
Honduras,HND,2008,4.070873845,201207
Honduras,HND,2009,5.018640034,198149
Honduras,HND,2010,5.155651925,195390
Honduras,HND,2011,6.110313811,193017
Honduras,HND,2012,6.115577386,190921
Honduras,HND,2013,6.120848876,189389
Honduras,HND,2014,6.12581463,188745
Honduras,HND,2015,6.131079021,189154
Honduras,HND,2016,6.136050957,190929
Honduras,HND,2017,6.023035799,193734
Honduras,HND,2018,6.061003417,196888
India,IND,2000,0.559999979,26256475
India,IND,2001,0.569999978,26321375
India,IND,2002,0.559999979,26343006
India,IND,2003,0.599999977,26328500
India,IND,2004,0.699999973,26291205
India,IND,2005,0.759999971,26240202
India,IND,2006,0.749999971,26193897
India,IND,2007,0.759999971,26146870
India,IND,2008,1.06679996,26061794
India,IND,2009,1.349799957,25889535
India,IND,2010,1.384399959,25602789
India,IND,2011,1.612265637,25162769
India,IND,2012,1.880556903,24613046
India,IND,2013,2.19533115,24059720
India,IND,2014,2.297596387,23647219
India,IND,2015,2.828161741,23473281
India,IND,2016,3.568011713,23620645
India,IND,2017,4.397578541,24000628
India,IND,2018,4.933323448,24485840
Indonesia,IDN,2000,1.409999665,4213218
Indonesia,IDN,2001,1.430399701,4245249
Indonesia,IDN,2002,1.431199717,4310703
Indonesia,IDN,2003,1.439799711,4393538
Indonesia,IDN,2004,1.519999746,4471357
Indonesia,IDN,2005,1.587899774,4528692
Indonesia,IDN,2006,1.588599767,4565502
Indonesia,IDN,2007,1.680799745,4579811
Indonesia,IDN,2008,1.757599741,4586287
Indonesia,IDN,2009,1.757599742,4606874
Indonesia,IDN,2010,1.781599748,4656451
Indonesia,IDN,2011,1.761999758,4755204
Indonesia,IDN,2012,1.74489968,4879671
Indonesia,IDN,2013,1.893899642,5003635
Indonesia,IDN,2014,2.239999583,5089977
Indonesia,IDN,2015,2.989399406,5112656
Indonesia,IDN,2016,3.354299315,5053631
Indonesia,IDN,2017,3.773511261,4933451
Indonesia,IDN,2018,4.123206022,4782253
Iraq,IRQ,2003,1.966598181,848078
Iraq,IRQ,2004,2.223198478,857748
Iraq,IRQ,2005,2.433398391,874047
Iraq,IRQ,2006,2.379598462,900801
Iraq,IRQ,2007,2.549198407,933433
Iraq,IRQ,2008,2.670798462,970262
Iraq,IRQ,2009,2.726298361,1008697
Iraq,IRQ,2010,2.485598297,1046500
Iraq,IRQ,2011,2.514698299,1076480
Iraq,IRQ,2012,2.980297882,1106041
Iraq,IRQ,2013,3.435597562,1133728
Iraq,IRQ,2014,3.158597816,1157977
Iraq,IRQ,2015,3.138697854,1178040
Iraq,IRQ,2016,3.287697854,1196125
Iraq,IRQ,2017,3.55349768,1210142
Iraq,IRQ,2018,3.818897507,1222109
Iraq,IRQ,2000,1.597198556,820650
Iraq,IRQ,2001,2.080997944,833532
Iraq,IRQ,2002,1.994298004,841575
Kenya,KEN,2000,0.77999936,1219011
Kenya,KEN,2001,0.769999379,1239890
Kenya,KEN,2002,2.46999802,1247372
Kenya,KEN,2003,2.189998245,1247739
Kenya,KEN,2004,2.199998241,1250470
Kenya,KEN,2005,2.219998242,1262726
Kenya,KEN,2006,2.379998152,1287977
Kenya,KEN,2007,2.429998163,1322653
Kenya,KEN,2008,2.669998038,1360681
Kenya,KEN,2009,2.649998098,1393541
Kenya,KEN,2010,2.95222797,1415193
Kenya,KEN,2011,3.688751806,1418104
Kenya,KEN,2012,3.722930776,1410943
Kenya,KEN,2013,3.537976923,1399877
Kenya,KEN,2014,3.821457781,1393772
Kenya,KEN,2015,4.888314033,1399123
Kenya,KEN,2016,5.003486647,1420325
Kenya,KEN,2017,5.00345424,1452270
Kenya,KEN,2018,5.042347477,1489992
Kiribati,KIR,2000,1.779572118,2477
Kiribati,KIR,2001,1.72653807,2303
Kiribati,KIR,2002,1.829003449,2060
Kiribati,KIR,2003,1.649189159,1816
Kiribati,KIR,2004,2.026675111,1670
Kiribati,KIR,2005,2.548699641,1691
Kiribati,KIR,2006,2.180785438,1943
Kiribati,KIR,2007,2.855021503,2357
Kiribati,KIR,2008,3.664188916,2831
Kiribati,KIR,2009,3.952769846,3233
Kiribati,KIR,2010,4.081658951,3470
Kiribati,KIR,2011,4.225249212,3479
Kiribati,KIR,2012,4.246330384,3333
Kiribati,KIR,2013,4.649973957,3097
Kiribati,KIR,2014,4.524528343,2875
Kiribati,KIR,2015,5.269016842,2744
Kiribati,KIR,2016,5.724990364,2745
Kiribati,KIR,2017,6.035156293,2832
Kiribati,KIR,2018,6.050251392,2970
North Korea,PRK,2009,1.996599398,337263
North Korea,PRK,2010,1.99759941,330859
North Korea,PRK,2013,2.927596707,341744
North Korea,PRK,2014,2.927596772,348608
North Korea,PRK,2015,2.956744537,353307
North Korea,PRK,2016,2.958170711,355164
North Korea,PRK,2007,1.995799387,361945
North Korea,PRK,2008,1.995599366,348524
North Korea,PRK,2006,1.993599389,373734
North Korea,PRK,2000,0.779997929,376685
North Korea,PRK,2017,3.433860539,354945
North Korea,PRK,2018,3.917958769,353259
North Korea,PRK,2005,1.95519714,381254
North Korea,PRK,2004,1.949597416,382873
North Korea,PRK,2001,0.919997533,372892
North Korea,PRK,2011,1.997799439,330533
North Korea,PRK,2012,2.318198547,334787
North Korea,PRK,2002,0.979997386,374891
North Korea,PRK,2003,1.424396448,379707
Kosovo,XK,2000,1.862451571,24727.62124
Kosovo,XK,2001,1.889955433,24314.79667
Kosovo,XK,2002,1.891955325,23886.96413
Kosovo,XK,2003,1.856953955,23435.03431
Kosovo,XK,2004,2.876747422,22945.26753
Kosovo,XK,2005,2.887937692,22412.59066
Kosovo,XK,2006,3.286126181,21735.54145
Kosovo,XK,2007,3.78250222,21018.11871
Kosovo,XK,2008,3.81099768,20335.57363
Kosovo,XK,2009,3.813996058,19793.38467
Kosovo,XK,2010,3.80379379,19465.53474
Kosovo,XK,2011,3.806389592,19394.0884
Kosovo,XK,2012,3.755993995,19533.38763
Kosovo,XK,2013,3.807793065,19790.21397
Kosovo,XK,2014,3.764995563,20029.91857
Kosovo,XK,2015,3.764996199,20152.94156
Kosovo,XK,2016,3.7209961,20093.75524
Kosovo,XK,2017,3.73199514,19915.77352
Kosovo,XK,2018,3.742993753,19658.94717
Kyrgyzstan,KGZ,2000,1.687332044,103745
Kyrgyzstan,KGZ,2001,2.918604535,102057
Kyrgyzstan,KGZ,2002,2.947443177,99889
Kyrgyzstan,KGZ,2003,2.947442988,98228
Kyrgyzstan,KGZ,2004,2.947443013,98346
Kyrgyzstan,KGZ,2005,2.947443331,101033
Kyrgyzstan,KGZ,2006,2.944708041,106213
Kyrgyzstan,KGZ,2007,2.946309115,113655
Kyrgyzstan,KGZ,2008,2.947445329,122460
Kyrgyzstan,KGZ,2009,2.947110656,131369
Kyrgyzstan,KGZ,2010,3.907104282,139377
Kyrgyzstan,KGZ,2011,3.897903573,146493
Kyrgyzstan,KGZ,2012,3.906305494,152777
Kyrgyzstan,KGZ,2013,3.915822688,157417
Kyrgyzstan,KGZ,2014,3.907106206,159518
Kyrgyzstan,KGZ,2015,4.353085129,158598
Kyrgyzstan,KGZ,2016,3.975194213,153694
Kyrgyzstan,KGZ,2017,5.210573786,145875
Kyrgyzstan,KGZ,2018,5.282498449,136794
Laos,LAO,2002,0.549996281,147900
Laos,LAO,2006,1.049993292,156519
Laos,LAO,2018,5.789699312,152590
Laos,LAO,2007,0.899994367,159763
Laos,LAO,2008,1.129993062,162866
Laos,LAO,2014,4.559263274,154121
Laos,LAO,2000,0.419997201,150071
Laos,LAO,2015,5.060084784,152053
Laos,LAO,2003,0.919993828,149068
Laos,LAO,2004,0.809994643,151189
Laos,LAO,2005,0.899994148,153798
Laos,LAO,2017,5.804207124,151554
Laos,LAO,2001,0.499996625,148160
Laos,LAO,2010,2.119987191,165514
Laos,LAO,2013,3.651611606,157417
Laos,LAO,2012,3.029099281,161113
Laos,LAO,2009,1.259992362,164971
Laos,LAO,2016,5.12649758,151192
Laos,LAO,2011,2.625924226,164071
Lesotho,LSO,2000,0.869991035,56148
Lesotho,LSO,2001,0.84099059,55025
Lesotho,LSO,2002,0.903191219,53448
Lesotho,LSO,2003,1.121989484,51744
Lesotho,LSO,2004,1.567982218,50368
Lesotho,LSO,2005,1.835976388,49652
Lesotho,LSO,2006,1.863975749,49695
Lesotho,LSO,2007,1.863876046,50371
Lesotho,LSO,2008,2.308268948,51536
Lesotho,LSO,2009,3.238908012,52952
Lesotho,LSO,2010,3.247564913,54420
Lesotho,LSO,2011,3.256221626,55720
Lesotho,LSO,2012,3.255877705,57069
Lesotho,LSO,2013,3.255533648,58317
Lesotho,LSO,2014,3.256989424,59278
Lesotho,LSO,2015,3.520291284,59830
Lesotho,LSO,2016,4.13273615,59750
Lesotho,LSO,2017,3.949501576,59271
Lesotho,LSO,2018,3.99742943,58555
Liberia,LBR,2000,0.629994323,110968
Liberia,LBR,2001,1.139990172,116000
Liberia,LBR,2002,0.909992279,117853
Liberia,LBR,2003,0.749993641,117933
Liberia,LBR,2004,0.749993657,118232
Liberia,LBR,2005,1.199990004,120050
Liberia,LBR,2006,1.199990167,122034
Liberia,LBR,2007,1.349989232,125371
Liberia,LBR,2008,2.779978509,129354
Liberia,LBR,2009,2.939977899,133022
Liberia,LBR,2010,2.229983574,135761
Liberia,LBR,2011,3.137276692,138747
Liberia,LBR,2012,3.244962857,140935
Liberia,LBR,2013,3.132587133,142683
Liberia,LBR,2014,2.752441877,144467
Liberia,LBR,2015,2.986960693,146601
Liberia,LBR,2016,4.571505231,149081
Liberia,LBR,2017,4.970349265,151854
Liberia,LBR,2018,5.008942131,154810
Madagascar,MDG,2000,0.56999907,612951
Madagascar,MDG,2001,0.58999905,621185
Madagascar,MDG,2002,1.119998214,627256
Madagascar,MDG,2003,1.259998008,632387
Madagascar,MDG,2004,1.49999765,638382
Madagascar,MDG,2005,1.549997603,646600
Madagascar,MDG,2006,1.529997674,657916
Madagascar,MDG,2007,1.649997543,671523
Madagascar,MDG,2008,1.989997101,686416
Madagascar,MDG,2009,2.169996905,701084
Madagascar,MDG,2010,2.069997103,714418
Madagascar,MDG,2011,2.449150463,725209
Madagascar,MDG,2012,2.024765467,734785
Madagascar,MDG,2013,3.143051171,744357
Madagascar,MDG,2014,3.554956321,755609
Madagascar,MDG,2015,3.688881759,769699
Madagascar,MDG,2016,4.012806978,787252
Madagascar,MDG,2017,4.840061075,807414
Madagascar,MDG,2018,4.843986747,828830
Malawi,MWI,2000,0.729998379,450403
Malawi,MWI,2001,0.809998242,460657
Malawi,MWI,2002,1.969995799,468964
Malawi,MWI,2003,2.449994863,476971
Malawi,MWI,2004,2.579994703,487046
Malawi,MWI,2005,2.619994767,500704
Malawi,MWI,2006,2.649994885,518044
Malawi,MWI,2007,2.56999523,538811
Malawi,MWI,2008,2.679995214,559927
Malawi,MWI,2009,2.719995288,577292
Malawi,MWI,2010,3.025006995,588158
Malawi,MWI,2011,2.97436758,588183
Malawi,MWI,2012,3.777694913,582297
Malawi,MWI,2013,4.681689108,574616
Malawi,MWI,2014,4.737984911,571055
Malawi,MWI,2015,4.710960446,575926
Malawi,MWI,2016,5.417349863,592591
Malawi,MWI,2017,5.547110442,617182
Malawi,MWI,2018,5.678329578,645843
Mali,MLI,2000,0.599998696,460248
Mali,MLI,2001,0.619998695,475171
Mali,MLI,2002,0.839998295,492714
Mali,MLI,2003,1.929996232,512203
Mali,MLI,2004,1.979996283,532706
Mali,MLI,2005,2.289995862,553373
Mali,MLI,2006,2.459995701,572282
Mali,MLI,2007,2.54999569,591598
Mali,MLI,2008,2.929995198,610216
Mali,MLI,2009,2.88999539,626874
Mali,MLI,2010,2.999995319,640828
Mali,MLI,2011,3.625709183,651579
Mali,MLI,2012,3.496194644,660070
Mali,MLI,2013,3.827667125,667614
Mali,MLI,2014,4.058139959,676121
Mali,MLI,2015,3.811981935,687018
Mali,MLI,2016,4.435822663,699458
Mali,MLI,2017,5.823378005,714338
Mali,MLI,2018,5.877219638,731093
Marshall Islands,MHL,2000,3.268588131,1609.107983
Marshall Islands,MHL,2001,3.028838117,1550.244367
Marshall Islands,MHL,2002,3.558568033,1489.858416
Marshall Islands,MHL,2003,3.543431695,1430.487356
Marshall Islands,MHL,2004,3.010581706,1375.175854
Marshall Islands,MHL,2005,3.523528079,1326.968583
Marshall Islands,MHL,2006,3.478008248,1286.880431
Marshall Islands,MHL,2007,3.6977945,1256.941178
Marshall Islands,MHL,2008,3.734258036,1236.643379
Marshall Islands,MHL,2009,4.809999346,1223.957255
Marshall Islands,MHL,2010,4.256618801,1216.853025
Marshall Islands,MHL,2011,4.39362505,1205.181791
Marshall Islands,MHL,2012,4.373862535,1200.107342
Marshall Islands,MHL,2013,4.246458788,1200.614787
Marshall Islands,MHL,2014,4.009992322,1206.704126
Marshall Islands,MHL,2015,4.956863985,1218.37536
Marshall Islands,MHL,2016,4.065326799,1228.52426
Marshall Islands,MHL,2017,4.11633747,1242.732719
Marshall Islands,MHL,2018,4.164449351,1259.478402
Mauritania,MRT,2000,0.459995189,95614
Mauritania,MRT,2001,0.579994072,97844
Mauritania,MRT,2002,0.869991303,100038
Mauritania,MRT,2003,0.839991784,102238
Mauritania,MRT,2004,0.729993015,104511
Mauritania,MRT,2005,1.069989992,106909
Mauritania,MRT,2006,1.29998811,109332
Mauritania,MRT,2007,1.409987395,111859
Mauritania,MRT,2008,1.389987863,114528
Mauritania,MRT,2009,1.86998407,117389
Mauritania,MRT,2010,2.057992148,120454
Mauritania,MRT,2011,2.23035263,123534
Mauritania,MRT,2012,2.556799344,126820
Mauritania,MRT,2013,2.670522549,130102
Mauritania,MRT,2014,3.527489459,133112
Mauritania,MRT,2015,3.802814904,135669
Mauritania,MRT,2016,5.092907996,137704
Mauritania,MRT,2017,5.582627363,139313
Mauritania,MRT,2018,5.724586534,140695
Micronesia,FSM,2010,4.81451751,2398
Micronesia,FSM,2004,3.442739208,2710
Micronesia,FSM,2016,4.278700096,2421
Micronesia,FSM,2003,3.541762456,2819
Micronesia,FSM,2006,3.376040166,2536
Micronesia,FSM,2007,3.660738314,2477
Micronesia,FSM,2005,3.62223631,2615
Micronesia,FSM,2001,3.457831721,3055
Micronesia,FSM,2009,3.540922777,2412
Micronesia,FSM,2011,4.596337163,2375
Micronesia,FSM,2002,3.509038375,2936
Micronesia,FSM,2018,4.377516942,2482
Micronesia,FSM,2000,3.501246394,3171
Micronesia,FSM,2012,4.551943525,2365
Micronesia,FSM,2008,3.539828718,2437
Micronesia,FSM,2015,4.358657277,2401
Micronesia,FSM,2013,4.442547911,2366
Micronesia,FSM,2017,4.328307216,2449
Micronesia,FSM,2014,4.421242698,2378
Moldova,MDA,2007,2.949984161,43729
Moldova,MDA,2005,2.950183626,41956
Moldova,MDA,2006,2.950184019,42593
Moldova,MDA,2003,2.950184104,42799
Moldova,MDA,2001,1.988593515,45019
Moldova,MDA,2016,5.811099378,40921
Moldova,MDA,2017,6.403556303,39398
Moldova,MDA,2018,6.403552264,37903
Moldova,MDA,2008,3.315090239,45057
Moldova,MDA,2000,1.960289279,45962
Moldova,MDA,2002,2.933674313,43894
Moldova,MDA,2014,5.233699822,43700
Moldova,MDA,2010,4.055550067,46769
Moldova,MDA,2004,2.950183681,42077
Moldova,MDA,2015,5.640205482,42342
Moldova,MDA,2011,4.162610016,46632
Moldova,MDA,2009,3.827096996,46167
Moldova,MDA,2012,4.492401932,46001
Moldova,MDA,2013,4.933408507,44968
Mongolia,MNG,2000,1.989194159,46254
Mongolia,MNG,2001,1.99399541,46032
Mongolia,MNG,2002,1.994298945,45452
Mongolia,MNG,2003,1.994298925,44955
Mongolia,MNG,2004,1.994298965,45178
Mongolia,MNG,2005,2.271143731,46560
Mongolia,MNG,2006,2.55428794,49194
Mongolia,MNG,2007,2.773934895,52777
Mongolia,MNG,2008,3.345718311,56991
Mongolia,MNG,2009,4.389715191,61395
Mongolia,MNG,2010,4.394420196,65609
Mongolia,MNG,2011,4.400051308,69574
Mongolia,MNG,2012,4.400403497,73372
Mongolia,MNG,2013,4.400405183,76413
Mongolia,MNG,2014,4.400405912,77980
Mongolia,MNG,2015,4.440395814,77648
Mongolia,MNG,2016,4.440744593,74952
Mongolia,MNG,2017,5.405756581,70434
Mongolia,MNG,2018,5.405753525,65092
Morocco,MAR,2000,1.359997679,586031
Morocco,MAR,2001,1.799996948,589766
Morocco,MAR,2002,1.914598248,604192
Morocco,MAR,2003,1.891998293,624446
Morocco,MAR,2004,2.855996917,643419
Morocco,MAR,2005,2.877596973,655981
Morocco,MAR,2006,2.819995713,657828
Morocco,MAR,2007,3.729994291,653309
Morocco,MAR,2008,2.919995483,646513
Morocco,MAR,2009,2.949995415,643443
Morocco,MAR,2010,2.983995699,648212
Morocco,MAR,2011,3.990794035,662424
Morocco,MAR,2012,4.576294222,684056
Morocco,MAR,2013,4.680894908,707343
Morocco,MAR,2014,5.771293576,724341
Morocco,MAR,2015,5.821293554,729557
Morocco,MAR,2016,5.942093404,719322
Morocco,MAR,2017,5.942193216,697891
Morocco,MAR,2018,5.942292956,670687
Mozambique,MOZ,2006,1.509998226,851107
Mozambique,MOZ,2007,1.499998274,869115
Mozambique,MOZ,2008,1.519998286,886844
Mozambique,MOZ,2009,2.279997481,905035
Mozambique,MOZ,2010,2.299997511,924236
Mozambique,MOZ,2011,2.33999752,943471
Mozambique,MOZ,2012,2.339997572,963893
Mozambique,MOZ,2013,3.233268525,985012
Mozambique,MOZ,2014,3.239819407,1006155
Mozambique,MOZ,2015,3.771967154,1026851
Mozambique,MOZ,2016,5.200320321,1045191
Mozambique,MOZ,2017,5.040385429,1063287
Mozambique,MOZ,2018,5.326682819,1081824
Mozambique,MOZ,2000,0.709999019,723596
Mozambique,MOZ,2001,0.989998667,742734
Mozambique,MOZ,2002,1.529997999,764443
Mozambique,MOZ,2003,1.559998019,787575
Mozambique,MOZ,2004,1.549998088,810581
Mozambique,MOZ,2005,1.529998162,832367
Myanmar,MMR,2006,1.655398863,1068651
Myanmar,MMR,2007,1.783498773,1025750
Myanmar,MMR,2008,1.804998785,977923
Myanmar,MMR,2009,1.883998732,935489
Myanmar,MMR,2010,1.789998024,905993
Myanmar,MMR,2011,1.37599925,890156
Myanmar,MMR,2012,1.551199033,887296
Myanmar,MMR,2013,2.810668388,893735
Myanmar,MMR,2014,2.762522778,903546
Myanmar,MMR,2015,3.958643612,912065
Myanmar,MMR,2016,4.217985211,916951
Myanmar,MMR,2017,4.780847507,920806
Myanmar,MMR,2018,5.276704789,923207
Myanmar,MMR,2000,0.839999218,1073598
Myanmar,MMR,2001,0.72999933,1090187
Myanmar,MMR,2002,0.769999303,1105302
Myanmar,MMR,2003,0.879999211,1114833
Myanmar,MMR,2004,1.249998878,1113781
Myanmar,MMR,2005,1.459998672,1099252
Nepal,NPL,2000,0.709999026,729272
Nepal,NPL,2001,0.709999016,721295
Nepal,NPL,2002,0.709998998,708468
Nepal,NPL,2003,0.769998888,692584
Nepal,NPL,2004,0.999998521,676208
Nepal,NPL,2005,1.149998261,661308
Nepal,NPL,2006,1.539997633,650659
Nepal,NPL,2007,1.629997461,642056
Nepal,NPL,2008,1.609997462,634237
Nepal,NPL,2009,1.789997137,625198
Nepal,NPL,2010,1.919996871,613622
Nepal,NPL,2011,3.002705221,595191
Nepal,NPL,2012,3.049994691,574462
Nepal,NPL,2013,4.456936072,554742
Nepal,NPL,2014,4.054372441,540591
Nepal,NPL,2015,4.6312746,535074
Nepal,NPL,2016,4.999843565,540439
Nepal,NPL,2017,5.548036319,554131
Nepal,NPL,2018,5.558036494,571459
Nicaragua,NIC,2000,3.379974455,132314
Nicaragua,NIC,2001,3.669968908,130857
Nicaragua,NIC,2002,3.629968867,129240
Nicaragua,NIC,2003,3.579971967,127706
Nicaragua,NIC,2004,3.259974245,126574
Nicaragua,NIC,2005,3.639971122,126048
Nicaragua,NIC,2006,3.689967718,126213
Nicaragua,NIC,2007,4.449961908,126976
Nicaragua,NIC,2008,4.797836896,127922
Nicaragua,NIC,2009,5.198215955,128470
Nicaragua,NIC,2010,5.357732222,128216
Nicaragua,NIC,2011,5.967726861,126774
Nicaragua,NIC,2012,6.337723056,124561
Nicaragua,NIC,2013,6.337721985,121959
Nicaragua,NIC,2014,6.337720947,119531
Nicaragua,NIC,2015,6.39828655,117691
Nicaragua,NIC,2016,6.398286052,116581
Nicaragua,NIC,2017,6.418285666,116043
Nicaragua,NIC,2018,6.418285702,115818
Niger,NER,2006,0.8499987,653767
Niger,NER,2007,0.969998566,676243
Niger,NER,2008,1.129998386,700328
Niger,NER,2009,2.779996169,725650
Niger,NER,2010,2.709996396,751904
Niger,NER,2011,2.917415789,776950
Niger,NER,2012,2.950171252,803316
Niger,NER,2013,3.007509134,830913
Niger,NER,2014,3.408103958,859707
Niger,NER,2015,4.023030325,889694
Niger,NER,2016,4.32784168,919613
Niger,NER,2017,4.857430226,950935
Niger,NER,2018,4.962111059,983639
Niger,NER,2000,0.469999129,539689
Niger,NER,2001,0.53999903,556799
Niger,NER,2002,0.619998921,574422
Niger,NER,2003,0.689998836,592759
Niger,NER,2004,0.769998742,612243
Niger,NER,2005,0.839998673,633216
Nigeria,NGA,2000,0.329999929,4649458
Nigeria,NGA,2001,0.319999933,4777708
Nigeria,NGA,2002,0.299999939,4913327
Nigeria,NGA,2003,0.339999933,5052921
Nigeria,NGA,2004,0.579999888,5192545
Nigeria,NGA,2005,0.949999822,5329427
Nigeria,NGA,2006,1.149999789,5448205
Nigeria,NGA,2007,1.351599759,5565396
Nigeria,NGA,2008,1.498999743,5683790
Nigeria,NGA,2009,2.033999671,5808014
Nigeria,NGA,2010,1.697899738,5941224
Nigeria,NGA,2011,1.499852391,6078684
Nigeria,NGA,2012,1.421387233,6225850
Nigeria,NGA,2013,2.028971753,6375203
Nigeria,NGA,2014,2.391552415,6516718
Nigeria,NGA,2015,2.524867919,6643363
Nigeria,NGA,2016,2.658183423,6740639
Nigeria,NGA,2017,2.883298914,6825389
Nigeria,NGA,2018,3.422896479,6905286
Pakistan,PAK,2001,0.609999852,4131807
Pakistan,PAK,2002,0.629999845,4076066
Pakistan,PAK,2003,1.239999692,4019704
Pakistan,PAK,2004,1.31999967,4001303
Pakistan,PAK,2005,1.429999647,4047352
Pakistan,PAK,2006,1.489999643,4179312
Pakistan,PAK,2007,1.518999698,4370730
Pakistan,PAK,2000,0.589999858,4158988
Pakistan,PAK,2008,1.488299749,4591070
Pakistan,PAK,2009,2.337899574,4797275
Pakistan,PAK,2010,2.49429957,4957162
Pakistan,PAK,2011,2.306099607,5046842
Pakistan,PAK,2012,2.256699619,5093015
Pakistan,PAK,2013,2.916699491,5104858
Pakistan,PAK,2014,3.026473412,5099053
Pakistan,PAK,2015,2.987258865,5089874
Pakistan,PAK,2016,3.21048861,5080488
Pakistan,PAK,2017,4.329302866,5067580
Pakistan,PAK,2018,4.335282929,5053750
Palestine,PSE,2016,3.500285595,147898
Palestine,PSE,2010,3.496084178,135566
Palestine,PSE,2017,3.525185823,150265
Palestine,PSE,2000,2.484186713,115833
Palestine,PSE,2011,3.496084454,138143
Palestine,PSE,2018,3.54988605,152671
Palestine,PSE,2015,3.498185334,145697
Palestine,PSE,2004,3.083981642,115397
Palestine,PSE,2001,2.328986906,115919
Palestine,PSE,2002,2.264587876,115424
Palestine,PSE,2003,2.944182015,115004
Palestine,PSE,2008,3.396083947,127431
Palestine,PSE,2009,3.496083716,131766
Palestine,PSE,2005,3.219681616,117035
Palestine,PSE,2013,3.496084899,142010
Palestine,PSE,2014,3.49608509,143752
Palestine,PSE,2006,3.108283867,119466
Palestine,PSE,2007,3.27298401,123093
Palestine,PSE,2012,3.496084697,140237
Papua New Guinea,PNG,2000,1.259993055,181419
Papua New Guinea,PNG,2001,1.239993244,183544
Papua New Guinea,PNG,2002,1.329992802,184760
Papua New Guinea,PNG,2003,1.439992237,185506
Papua New Guinea,PNG,2004,1.369992652,186432
Papua New Guinea,PNG,2005,1.449992288,188021
Papua New Guinea,PNG,2006,1.651492641,190641
Papua New Guinea,PNG,2007,1.493093213,193921
Papua New Guinea,PNG,2008,1.430693562,197471
Papua New Guinea,PNG,2009,2.218389803,200716
Papua New Guinea,PNG,2010,2.391103512,203239
Papua New Guinea,PNG,2011,2.63246618,204827
Papua New Guinea,PNG,2012,2.75478579,205748
Papua New Guinea,PNG,2013,2.873885423,206361
Papua New Guinea,PNG,2014,2.712050949,207174
Papua New Guinea,PNG,2015,3.946904199,208553
Papua New Guinea,PNG,2016,3.896545037,210767
Papua New Guinea,PNG,2017,4.204252231,213512
Papua New Guinea,PNG,2018,4.250868881,216551
Paraguay,PRY,2000,1.839987162,143326
Paraguay,PRY,2001,1.799987201,140636
Paraguay,PRY,2002,1.719987411,136626
Paraguay,PRY,2003,3.567875156,132237
Paraguay,PRY,2004,3.694875631,128796
Paraguay,PRY,2005,3.736575934,127246
Paraguay,PRY,2006,3.735576926,128647
Paraguay,PRY,2007,3.631977991,131903
Paraguay,PRY,2008,3.632878702,136022
Paraguay,PRY,2009,3.593779586,139576
Paraguay,PRY,2010,4.26737509,141536
Paraguay,PRY,2011,4.546673101,141130
Paraguay,PRY,2012,5.302867183,139202
Paraguay,PRY,2013,5.351565982,136510
Paraguay,PRY,2014,5.351166225,134188
Paraguay,PRY,2015,5.516364289,133070
Paraguay,PRY,2016,5.759163718,133624
Paraguay,PRY,2017,5.759164166,135299
Paraguay,PRY,2018,5.759164744,137519
Philippines,PHL,2003,1.389999403,2329420
Philippines,PHL,2004,1.399999403,2345707
Philippines,PHL,2005,1.4099994,2350341
Philippines,PHL,2006,1.689999278,2339414
Philippines,PHL,2007,1.816899325,2317488
Philippines,PHL,2008,1.833199321,2292163
Philippines,PHL,2009,1.824199463,2272551
Philippines,PHL,2010,2.549099148,2264098
Philippines,PHL,2011,2.879999112,2264799
Philippines,PHL,2012,3.013499053,2277321
Philippines,PHL,2013,3.937698717,2296836
Philippines,PHL,2014,3.586898824,2317033
Philippines,PHL,2015,3.374598933,2333791
Philippines,PHL,2016,3.898598787,2347852
Philippines,PHL,2017,3.939098788,2359199
Philippines,PHL,2018,4.279198662,2368394
Philippines,PHL,2000,0.849999619,2233218
Philippines,PHL,2001,1.259999445,2269540
Philippines,PHL,2002,1.239999462,2302794
Rwanda,RWA,2009,3.164701271,341691
Rwanda,RWA,2010,4.076441806,350504
Rwanda,RWA,2011,4.083988257,353570
Rwanda,RWA,2012,4.591600017,353481
Rwanda,RWA,2013,5.046355711,351483
Rwanda,RWA,2014,5.056701125,349467
Rwanda,RWA,2015,6.054412507,348881
Rwanda,RWA,2016,6.06497712,350126
Rwanda,RWA,2017,6.026380503,352669
Rwanda,RWA,2018,6.038313402,355958
Rwanda,RWA,2003,2.69999151,318017
Rwanda,RWA,2004,2.619991429,305692
Rwanda,RWA,2005,3.184987431,300959
Rwanda,RWA,2006,3.112970366,304973
Rwanda,RWA,2007,3.142298068,315247
Rwanda,RWA,2008,3.103018105,328908
Rwanda,RWA,2000,0.739997654,315456
Rwanda,RWA,2001,0.689997922,332085
Rwanda,RWA,2002,2.449992586,330438
Samoa,WSM,2018,3.001697012,4460
Samoa,WSM,2013,3.359492762,4848
Samoa,WSM,2014,3.142281453,4616
Samoa,WSM,2015,2.994193446,4456
Samoa,WSM,2016,2.930695919,4393
Samoa,WSM,2017,2.966393682,4402
Samoa,WSM,2012,3.249560764,5108
Samoa,WSM,2001,1.955379813,4997
Samoa,WSM,2002,1.952743875,5034
Samoa,WSM,2003,1.660813043,5101
Samoa,WSM,2004,1.291800396,5186
Samoa,WSM,2000,1.9733143,4994
Samoa,WSM,2005,2.011297,5278
Samoa,WSM,2006,2.018305658,5363
Samoa,WSM,2007,2.230478385,5456
Samoa,WSM,2008,2.086059182,5531
Samoa,WSM,2011,2.980212752,5342
Samoa,WSM,2009,2.331867143,5557
Samoa,WSM,2010,2.773828959,5512
Sao Tome and Principe,STP,2000,0.689867765,5217
Sao Tome and Principe,STP,2001,0.749859629,5342
Sao Tome and Principe,STP,2002,0.849844664,5471
Sao Tome and Principe,STP,2003,1.299767525,5591
Sao Tome and Principe,STP,2004,1.609717047,5689
Sao Tome and Principe,STP,2005,1.779691133,5762
Sao Tome and Principe,STP,2006,1.599724043,5797
Sao Tome and Principe,STP,2007,1.729702238,5809
Sao Tome and Principe,STP,2008,1.829685243,5813
Sao Tome and Principe,STP,2013,3.708211685,6208
Sao Tome and Principe,STP,2014,4.032261641,6329
Sao Tome and Principe,STP,2015,5.02404291,6425
Sao Tome and Principe,STP,2017,5.982421567,6514
Sao Tome and Principe,STP,2018,5.982425161,6538
Sao Tome and Principe,STP,2009,1.799691358,5831
Sao Tome and Principe,STP,2010,2.719537258,5877
Sao Tome and Principe,STP,2011,2.709545759,5965
Sao Tome and Principe,STP,2012,3.226299468,6080
Sao Tome and Principe,STP,2016,5.360138646,6481
Senegal,SEN,2000,0.819997702,356879
Senegal,SEN,2001,0.819997744,363466
Senegal,SEN,2002,1.069997119,371422
Senegal,SEN,2003,1.189996874,380727
Senegal,SEN,2004,1.859995247,391293
Senegal,SEN,2005,2.509993771,402978
Senegal,SEN,2006,3.37999186,415209
Senegal,SEN,2007,3.499991832,428481
Senegal,SEN,2008,3.33999245,442405
Senegal,SEN,2009,3.682137711,456497
Senegal,SEN,2010,3.698584954,470328
Senegal,SEN,2011,3.829630322,482757
Senegal,SEN,2012,3.843289314,495004
Senegal,SEN,2013,4.768028516,506362
Senegal,SEN,2014,5.493045716,516046
Senegal,SEN,2015,6.578968437,523630
Senegal,SEN,2016,6.825893193,528516
Senegal,SEN,2017,6.647795828,531476
Senegal,SEN,2018,6.638075817,533652
Sierra Leone,SLE,2009,3.279985749,230164
Sierra Leone,SLE,2010,3.349985525,231436
Sierra Leone,SLE,2011,4.189981922,231768
Sierra Leone,SLE,2012,4.38998103,231423
Sierra Leone,SLE,2013,4.683413327,230896
Sierra Leone,SLE,2014,4.792117512,230852
Sierra Leone,SLE,2015,5.2993469,231781
Sierra Leone,SLE,2016,5.370068279,233928
Sierra Leone,SLE,2017,5.732185617,237116
Sierra Leone,SLE,2018,5.796194043,240862
Sierra Leone,SLE,2000,0.369997936,179242
Sierra Leone,SLE,2001,0.499997284,184104
Sierra Leone,SLE,2002,1.219993633,191600
Sierra Leone,SLE,2003,1.349993258,200240
Sierra Leone,SLE,2004,1.399993275,208185
Sierra Leone,SLE,2005,1.339993745,214212
Sierra Leone,SLE,2006,1.259994291,220699
Sierra Leone,SLE,2007,2.459989079,225263
Sierra Leone,SLE,2008,2.90998725,228236
Solomon Islands,SLB,2013,3.953196585,16675
Solomon Islands,SLB,2014,3.994026007,16612
Solomon Islands,SLB,2015,4.505392175,16574
Solomon Islands,SLB,2016,4.967331707,16576
Solomon Islands,SLB,2017,4.879820311,16607
Solomon Islands,SLB,2018,4.884455982,16668
Solomon Islands,SLB,2000,1.719873006,13543
Solomon Islands,SLB,2001,1.812923217,13883
Solomon Islands,SLB,2002,1.712418306,14260
Solomon Islands,SLB,2003,1.769520226,14656
Solomon Islands,SLB,2004,1.828120481,15045
Solomon Islands,SLB,2005,1.835923918,15404
Solomon Islands,SLB,2006,1.931493358,15755
Solomon Islands,SLB,2007,1.932926227,16076
Solomon Islands,SLB,2008,2.637882228,16353
Solomon Islands,SLB,2009,2.64474587,16566
Solomon Islands,SLB,2010,2.711871062,16705
Solomon Islands,SLB,2011,3.124256786,16751
Solomon Islands,SLB,2012,2.847032669,16733
Somalia,SOM,2016,1.299997683,561096
Somalia,SOM,2017,1.5212486,578304
Somalia,SOM,2018,1.571248599,597189
Somalia,SOM,2009,0.429999121,489282
Somalia,SOM,2010,0.459999088,504513
Somalia,SOM,2011,0.459999105,514191
Somalia,SOM,2012,0.459999118,521461
Somalia,SOM,2013,1.299997537,527915
Somalia,SOM,2014,1.299997574,535848
Somalia,SOM,2015,1.299997623,546941
Somalia,SOM,2000,0.239999409,405773
Somalia,SOM,2001,0.199999514,411557
Somalia,SOM,2002,0.449998912,413545
Somalia,SOM,2003,0.399999034,414118
Somalia,SOM,2004,0.39999904,416713
Somalia,SOM,2005,0.349999174,423786
Somalia,SOM,2006,0.349999197,436090
Somalia,SOM,2007,0.349999227,452583
Somalia,SOM,2008,0.339999279,471267
South Sudan,SSD,2000,0,259198
South Sudan,SSD,2001,0,266327
South Sudan,SSD,2002,0,271293
South Sudan,SSD,2003,0,275669
South Sudan,SSD,2004,0,281702
South Sudan,SSD,2005,0,290833
South Sudan,SSD,2006,0,301905
South Sudan,SSD,2007,0,315571
South Sudan,SSD,2008,0,330342
South Sudan,SSD,2009,0,344199
South Sudan,SSD,2010,0,355718
South Sudan,SSD,2011,0.61999831,366837
South Sudan,SSD,2012,0.519998616,375657
South Sudan,SSD,2013,0.299999216,382853
South Sudan,SSD,2014,0.219999435,389468
South Sudan,SSD,2015,0.819997931,396273
South Sudan,SSD,2016,0.902546384,405129
South Sudan,SSD,2017,1.258886096,414057
South Sudan,SSD,2018,1.424161171,422857
Sri Lanka,LKA,2003,2.286549545,354017
Sri Lanka,LKA,2004,2.575995286,363370
Sri Lanka,LKA,2005,2.951142042,369479
Sri Lanka,LKA,2006,2.94654796,371839
Sri Lanka,LKA,2007,2.946547952,371248
Sri Lanka,LKA,2008,3.088122415,367920
Sri Lanka,LKA,2009,4.348548273,362430
Sri Lanka,LKA,2010,5.349064506,355380
Sri Lanka,LKA,2011,5.219064527,346526
Sri Lanka,LKA,2012,5.37906364,336079
Sri Lanka,LKA,2013,5.35906324,325364
Sri Lanka,LKA,2014,5.369062791,316116
Sri Lanka,LKA,2015,5.20458189,309532
Sri Lanka,LKA,2016,5.404581108,306562
Sri Lanka,LKA,2017,5.394581089,306389
Sri Lanka,LKA,2018,5.394581088,307670
Sri Lanka,LKA,2000,1.966550239,331373
Sri Lanka,LKA,2001,1.96655028,335420
Sri Lanka,LKA,2002,1.966550357,343682
Sudan,SDN,2000,0.579999414,988984
Sudan,SDN,2001,0.579999424,1006995
Sudan,SDN,2002,0.579999436,1029151
Sudan,SDN,2003,0.649999383,1053078
Sudan,SDN,2004,0.669999377,1075365
Sudan,SDN,2005,0.909999168,1093584
Sudan,SDN,2006,1.3299988,1108792
Sudan,SDN,2007,1.569998599,1120705
Sudan,SDN,2008,2.349997922,1130722
Sudan,SDN,2009,2.259998019,1140861
Sudan,SDN,2010,2.423998084,1152653
Sudan,SDN,2011,3.025844627,1161874
Sudan,SDN,2012,3.503244259,1172990
Sudan,SDN,2013,3.86524404,1186025
Sudan,SDN,2014,4.534216925,1200872
Sudan,SDN,2015,4.517316989,1217375
Sudan,SDN,2016,4.886946455,1233223
Sudan,SDN,2017,5.885957771,1250961
Sudan,SDN,2018,6.158472513,1270162
Swaziland,SWZ,2009,2.763945804,35417
Swaziland,SWZ,2010,2.751137049,35948
Swaziland,SWZ,2011,2.785644237,36140
Swaziland,SWZ,2012,2.786744558,36182
Swaziland,SWZ,2013,2.79444606,36141
Swaziland,SWZ,2014,3.464427498,36125
Swaziland,SWZ,2015,4.048910309,36214
Swaziland,SWZ,2016,4.638894762,36463
Swaziland,SWZ,2017,4.63989596,36810
Swaziland,SWZ,2018,4.640897199,37181
Swaziland,SWZ,2000,1.821968563,31644
Swaziland,SWZ,2001,1.852968051,31845
Swaziland,SWZ,2002,1.872967551,31974
Swaziland,SWZ,2003,1.892967081,32118
Swaziland,SWZ,2004,1.892967361,32393
Swaziland,SWZ,2005,1.892967839,32879
Swaziland,SWZ,2006,1.892968268,33328
Swaziland,SWZ,2007,1.893969114,33979
Swaziland,SWZ,2008,1.893969769,34724
Syria,SYR,2005,3.556895627,491481
Syria,SYR,2018,2.78239405,342916
Syria,SYR,2009,3.551796041,560663
Syria,SYR,2006,3.556895745,503667
Syria,SYR,2007,3.558795925,525898
Syria,SYR,2016,2.710194661,380980
Syria,SYR,2017,2.746494288,356833
Syria,SYR,2015,2.536195207,413437
Syria,SYR,2008,3.548796098,549128
Syria,SYR,2004,3.577795576,490739
Syria,SYR,2003,3.598695613,500333
Syria,SYR,2010,3.519395775,552169
Syria,SYR,2011,3.384595583,543275
Syria,SYR,2012,2.752795885,516274
Syria,SYR,2013,2.712296081,479023
Syria,SYR,2014,2.632595486,442211
Syria,SYR,2000,2.793397386,527921
Syria,SYR,2001,3.583995783,526015
Syria,SYR,2002,3.621195695,514839
Tajikistan,TJK,2003,1.89439627,168059
Tajikistan,TJK,2004,1.9729975,165598
Tajikistan,TJK,2005,1.969797274,168033
Tajikistan,TJK,2006,1.966997523,176656
Tajikistan,TJK,2007,1.957797391,189783
Tajikistan,TJK,2008,2.424995492,205182
Tajikistan,TJK,2009,3.770990233,219730
Tajikistan,TJK,2000,0.987998917,183088
Tajikistan,TJK,2001,0.987998878,179134
Tajikistan,TJK,2002,1.866995645,173484
Tajikistan,TJK,2010,3.785990853,231083
Tajikistan,TJK,2011,3.78699114,237856
Tajikistan,TJK,2012,3.785991245,241582
Tajikistan,TJK,2013,3.783991225,242822
Tajikistan,TJK,2014,3.786991326,242648
Tajikistan,TJK,2015,5.119318361,242008
Tajikistan,TJK,2016,4.78991415,241143
Tajikistan,TJK,2017,5.000366216,239794
Tajikistan,TJK,2018,5.074548174,238231
Tanzania,TZA,2011,2.731665793,1794597
Tanzania,TZA,2012,3.144272865,1846863
Tanzania,TZA,2013,4.771283477,1901250
Tanzania,TZA,2000,0.779999391,1280015
Tanzania,TZA,2001,0.859999352,1327921
Tanzania,TZA,2002,1.779998716,1386040
Tanzania,TZA,2003,1.899998689,1449429
Tanzania,TZA,2004,1.889998749,1511327
Tanzania,TZA,2005,1.809998845,1566882
Tanzania,TZA,2007,1.729998946,1641790
Tanzania,TZA,2008,1.73999896,1673879
Tanzania,TZA,2009,2.910062527,1708057
Tanzania,TZA,2010,3.058714779,1747743
Tanzania,TZA,2014,5.962143713,1953282
Tanzania,TZA,2015,6.05944253,1999802
Tanzania,TZA,2016,6.047587075,2036454
Tanzania,TZA,2017,5.987495423,2068330
Tanzania,TZA,2018,5.966479769,2098492
Tanzania,TZA,2006,1.829998861,1607149
Timor-Leste,TLS,2000,0,38486
Timor-Leste,TLS,2001,0,36728
Timor-Leste,TLS,2002,0.55998401,35020
Timor-Leste,TLS,2003,0.549983583,33500
Timor-Leste,TLS,2004,0.549983069,32483
Timor-Leste,TLS,2005,0.479985122,32261
Timor-Leste,TLS,2006,0.609981913,33724
Timor-Leste,TLS,2007,0.629982482,35962
Timor-Leste,TLS,2008,1.519960583,38561
Timor-Leste,TLS,2009,1.419965331,40958
Timor-Leste,TLS,2010,1.379967714,42742
Timor-Leste,TLS,2018,4.144286828,42635
Timor-Leste,TLS,2015,2.743577673,41733
Timor-Leste,TLS,2017,3.279061798,42111
Timor-Leste,TLS,2014,2.765848453,42029
Timor-Leste,TLS,2016,3.814687312,41802
Timor-Leste,TLS,2011,1.289970126,43180
Timor-Leste,TLS,2012,1.895039286,43057
Timor-Leste,TLS,2013,2.763717366,42566
Togo,TGO,2007,1.37999363,216636
Togo,TGO,2008,1.7399921,220255
Togo,TGO,2009,2.859987207,223555
Togo,TGO,2010,3.009986719,226643
Togo,TGO,2018,5.430266754,249285
Togo,TGO,2000,0.579996742,178032
Togo,TGO,2001,0.399997831,184452
Togo,TGO,2002,0.479997485,190822
Togo,TGO,2003,0.679996548,196989
Togo,TGO,2004,0.709996499,202805
Togo,TGO,2005,1.259993947,208157
Togo,TGO,2006,1.539992757,212609
Togo,TGO,2011,3.139986303,229251
Togo,TGO,2012,3.119986536,231731
Togo,TGO,2013,3.479352865,234184
Togo,TGO,2017,5.430266431,245819
Togo,TGO,2014,4.089553945,236744
Togo,TGO,2015,5.432369205,239514
Togo,TGO,2016,5.627725706,242548
Tonga,TON,2009,3.64053781,2842
Tonga,TON,2010,3.621009117,2789
Tonga,TON,2011,3.628404053,2728
Tonga,TON,2012,3.500565235,2665
Tonga,TON,2013,3.638363067,2603
Tonga,TON,2014,3.604649231,2552
Tonga,TON,2015,3.566323241,2515
Tonga,TON,2016,3.554313373,2481
Tonga,TON,2017,3.581209651,2464
Tonga,TON,2018,3.607711175,2461
Tonga,TON,2003,2.871806647,2704
Tonga,TON,2004,2.878044152,2826
Tonga,TON,2005,3.695169856,2909
Tonga,TON,2006,3.691168052,2936
Tonga,TON,2007,3.688960845,2928
Tonga,TON,2008,3.662445919,2892
Tonga,TON,2000,1.908550922,2467
Tonga,TON,2001,1.96902673,2488
Tonga,TON,2002,2.812591915,2577
Tunisia,TUN,2000,1.938493846,165375
Tunisia,TUN,2001,1.937593624,164328
Tunisia,TUN,2002,1.928193761,163209
Tunisia,TUN,2003,2.876987642,162369
Tunisia,TUN,2004,2.92848763,162305
Tunisia,TUN,2005,2.768788751,163384
Tunisia,TUN,2006,1.978793654,165157
Tunisia,TUN,2007,1.996598846,167761
Tunisia,TUN,2008,1.996798929,171497
Tunisia,TUN,2009,1.9959988,176747
Tunisia,TUN,2010,1.994798531,183609
Tunisia,TUN,2016,3.935790051,218487
Tunisia,TUN,2018,3.936189095,197268
Tunisia,TUN,2011,2.42479632,192828
Tunisia,TUN,2012,3.9198887,203591
Tunisia,TUN,2017,3.93598966,209153
Tunisia,TUN,2014,3.934789944,220893
Tunisia,TUN,2015,3.936390386,222953
Tunisia,TUN,2013,3.914589703,213842
Turkmenistan,TKM,2006,1.99969956,115353
Turkmenistan,TKM,2007,2.989690729,112195
Turkmenistan,TKM,2008,2.989490207,108143
Turkmenistan,TKM,2009,2.989590125,106226
Turkmenistan,TKM,2010,3.569484902,108548
Turkmenistan,TKM,2011,3.699584916,116586
Turkmenistan,TKM,2012,3.959684381,128648
Turkmenistan,TKM,2013,3.959685823,141779
Turkmenistan,TKM,2014,3.959586709,151964
Turkmenistan,TKM,2015,3.969687088,156424
Turkmenistan,TKM,2016,3.969686801,153079
Turkmenistan,TKM,2017,3.969686009,144375
Turkmenistan,TKM,2018,3.969684791,132766
Turkmenistan,TKM,2005,1.999599483,115533
Turkmenistan,TKM,2000,0.994798121,84357
Turkmenistan,TKM,2001,0.997798584,87567
Turkmenistan,TKM,2002,1.987197333,94493
Turkmenistan,TKM,2003,1.999099129,103162
Turkmenistan,TKM,2004,1.999299182,110811
Tuvalu,TUV,2015,3.865975816,260.1210466
Tuvalu,TUV,2016,3.888089333,256.6044996
Tuvalu,TUV,2017,3.88803309,254.8462262
Tuvalu,TUV,2018,3.888022436,254.5359426
Tuvalu,TUV,2000,1.98119019,255.1565097
Tuvalu,TUV,2001,1.991042557,257.3284946
Tuvalu,TUV,2002,1.984508115,266.5335734
Tuvalu,TUV,2003,1.985826293,279.6689105
Tuvalu,TUV,2004,1.986634233,292.2871084
Tuvalu,TUV,2005,2.514819593,300.8716201
Tuvalu,TUV,2006,2.80664467,303.6641721
Tuvalu,TUV,2007,2.937380861,302.8367493
Tuvalu,TUV,2008,2.916336256,299.1133466
Tuvalu,TUV,2009,3.722226911,293.941954
Tuvalu,TUV,2010,3.719739862,288.4602779
Tuvalu,TUV,2011,3.884729886,282.151179
Tuvalu,TUV,2012,3.888213449,275.6352243
Tuvalu,TUV,2013,3.843409497,269.2226975
Tuvalu,TUV,2014,3.816230544,263.9478771
Uganda,UGA,2000,0.569999459,1053580
Uganda,UGA,2001,0.589999458,1088765
Uganda,UGA,2002,1.199998937,1128940
Uganda,UGA,2003,1.519998703,1171957
Uganda,UGA,2004,1.899998436,1214865
Uganda,UGA,2005,1.983116304,1255469
Uganda,UGA,2006,2.040240317,1290030
Uganda,UGA,2007,2.36382197,1322828
Uganda,UGA,2008,2.275588208,1354630
Uganda,UGA,2009,2.53408837,1386739
Uganda,UGA,2010,2.653834853,1420202
Uganda,UGA,2011,2.715320973,1453301
Uganda,UGA,2015,3.382437639,1598236
Uganda,UGA,2016,3.939511636,1635339
Uganda,UGA,2017,3.6979761,1673387
Uganda,UGA,2018,5.101434344,1712143
Uganda,UGA,2013,2.713879517,1523712
Uganda,UGA,2014,3.218158465,1560587
Uganda,UGA,2012,2.709600248,1487863
Ukraine,UKR,2008,3.645794901,504706
Ukraine,UKR,2009,3.208195647,531782
Ukraine,UKR,2011,2.406896365,536258
Ukraine,UKR,2012,3.615850466,513632
Ukraine,UKR,2007,3.332996125,469286
Ukraine,UKR,2010,2.680396177,543691
Ukraine,UKR,2000,1.034999559,408915
Ukraine,UKR,2001,2.281196493,400243
Ukraine,UKR,2002,2.738996064,393496
Ukraine,UKR,2003,2.860496545,391048
Ukraine,UKR,2004,2.884997054,396120
Ukraine,UKR,2005,2.88499716,410483
Ukraine,UKR,2013,3.708521344,482741
Ukraine,UKR,2014,2.749404593,453848
Ukraine,UKR,2006,2.992997069,435435
Ukraine,UKR,2015,3.211987718,434459
Ukraine,UKR,2016,3.096769686,427587
Ukraine,UKR,2017,3.98590257,429937
Ukraine,UKR,2018,4.014501591,437709
Uzbekistan,UZB,2015,5.10337851,627677
Uzbekistan,UZB,2016,6.003377023,621503
Uzbekistan,UZB,2017,5.884840305,618511
Uzbekistan,UZB,2018,5.88484028,617111
Uzbekistan,UZB,2014,4.650993269,639665
Uzbekistan,UZB,2005,1.97099874,525586
Uzbekistan,UZB,2004,1.980499033,507498
Uzbekistan,UZB,2000,0.994999728,511868
Uzbekistan,UZB,2002,1.991198948,495020
Uzbekistan,UZB,2003,1.98949934,497238
Uzbekistan,UZB,2001,0.994999724,500219
Uzbekistan,UZB,2006,2.861996878,552334
Uzbekistan,UZB,2007,2.852996783,586402
Uzbekistan,UZB,2011,4.001870989,675690
Uzbekistan,UZB,2013,4.130994151,654913
Uzbekistan,UZB,2010,4.108598934,671773
Uzbekistan,UZB,2012,4.063793483,668863
Uzbekistan,UZB,2008,2.875997631,622224
Uzbekistan,UZB,2009,3.793996857,652425
Vanuatu,VUT,2010,1.149850494,7691
Vanuatu,VUT,2011,1.799763531,7611
Vanuatu,VUT,2000,1.309777853,5896
Vanuatu,VUT,2001,1.269783313,5860
Vanuatu,VUT,2002,1.239786575,5809
Vanuatu,VUT,2003,1.199792423,5780
Vanuatu,VUT,2004,1.179797529,5827
Vanuatu,VUT,2005,1.13980946,5982
Vanuatu,VUT,2006,1.109823754,6297
Vanuatu,VUT,2007,1.119833309,6718
Vanuatu,VUT,2008,1.129842223,7161
Vanuatu,VUT,2009,1.149846932,7512
Vanuatu,VUT,2017,2.379658683,6972
Vanuatu,VUT,2018,2.419667308,7273
Vanuatu,VUT,2012,1.809754476,7371
Vanuatu,VUT,2013,1.809743444,7054
Vanuatu,VUT,2014,1.809733353,6787
Vanuatu,VUT,2015,2.339648965,6665
Vanuatu,VUT,2016,2.339653282,6748
Vietnam,VNM,2017,4.904154491,1523513
Vietnam,VNM,2018,5.165534954,1503664
Vietnam,VNM,2015,4.897066899,1552136
Vietnam,VNM,2016,4.893654505,1541180
Vietnam,VNM,2012,3.697998662,1543528
Vietnam,VNM,2013,3.157998759,1551450
Vietnam,VNM,2014,3.865998443,1555391
Vietnam,VNM,2000,0.969999164,1160206
Vietnam,VNM,2001,0.97999916,1166213
Vietnam,VNM,2002,0.95999922,1231312
Vietnam,VNM,2003,1.709998716,1331659
Vietnam,VNM,2004,1.909998666,1431941
Vietnam,VNM,2005,1.898998852,1506112
Vietnam,VNM,2006,2.576498897,1542723
Vietnam,VNM,2007,2.32059912,1554070
Vietnam,VNM,2008,2.638498997,1548062
Vietnam,VNM,2009,2.631899119,1538020
Vietnam,VNM,2010,2.981798707,1534063
Vietnam,VNM,2011,3.661898494,1536555
Yemen,YEM,2005,2.046397483,720957
Yemen,YEM,2006,2.282497196,734851
Yemen,YEM,2007,2.360197189,744955
Yemen,YEM,2008,2.353297264,752813
Yemen,YEM,2000,0.83999864,617476
Yemen,YEM,2001,0.909998553,628888
Yemen,YEM,2002,0.929998567,648981
Yemen,YEM,2003,1.095598573,674325
Yemen,YEM,2004,1.237598504,699671
Yemen,YEM,2009,2.310997353,760884
Yemen,YEM,2010,2.317997345,771010
Yemen,YEM,2011,2.609797065,783881
Yemen,YEM,2014,3.591696047,825951
Yemen,YEM,2015,4.283095725,834802
Yemen,YEM,2017,4.680403813,840541
Yemen,YEM,2018,4.738076716,839567
Yemen,YEM,2016,4.804549622,839388
Yemen,YEM,2013,3.572995958,813344
Yemen,YEM,2012,3.036496551,798562
Zambia,ZMB,2012,2.439395982,539855
Zambia,ZMB,2013,2.828668853,553988
Zambia,ZMB,2014,4.16625797,568942
Zambia,ZMB,2015,5.348134539,584065
Zambia,ZMB,2016,5.607899989,598645
Zambia,ZMB,2017,4.940776136,613406
Zambia,ZMB,2018,4.996618679,628250
Zambia,ZMB,2000,0.849998015,428137
Zambia,ZMB,2007,2.529994874,493556
Zambia,ZMB,2008,2.609994778,499775
Zambia,ZMB,2011,2.449995354,527325
Zambia,ZMB,2001,0.839998092,440159
Zambia,ZMB,2005,2.489994823,480984
Zambia,ZMB,2006,2.469994934,487556
Zambia,ZMB,2010,2.609994951,516898
Zambia,ZMB,2002,0.83999814,451606
Zambia,ZMB,2009,2.699994678,507294
Zambia,ZMB,2004,1.679996441,472063
Zambia,ZMB,2003,0.839998183,462280
Zimbabwe,ZWE,2003,1.379996515,395979
Zimbabwe,ZWE,2004,1.339996691,404999
Zimbabwe,ZWE,2005,1.319996827,416021
Zimbabwe,ZWE,2006,1.359996819,427515
Zimbabwe,ZWE,2007,1.409996801,440742
Zimbabwe,ZWE,2008,2.199995166,455120
Zimbabwe,ZWE,2009,2.66999325,469853
Zimbabwe,ZWE,2010,3.14999246,484217
Zimbabwe,ZWE,2011,3.071635555,495617
Zimbabwe,ZWE,2012,3.35154451,506811
Zimbabwe,ZWE,2013,4.06528757,516432
Zimbabwe,ZWE,2014,4.585746645,522853
Zimbabwe,ZWE,2015,5.54603742,525118
Zimbabwe,ZWE,2016,5.957180427,520341
Zimbabwe,ZWE,2018,5.122602445,501757
Zimbabwe,ZWE,2000,1.539995921,377526
Zimbabwe,ZWE,2001,1.489996107,382698
Zimbabwe,ZWE,2002,1.429996321,388708
Zimbabwe,ZWE,2017,5.078778488,511791
